{
  "train_loss": [
    5.583048609872559,
    4.036970944620257,
    3.6026978054238326,
    3.3492732541644994,
    3.1771869292810333,
    3.0515278150088823,
    2.9555351168666055,
    2.877480717160594
  ],
  "val_loss": [
    4.171514474593841,
    3.5696288486858747,
    3.2769573250332393,
    3.0908836824399932,
    2.9606675736539,
    2.8663538071486325,
    2.792660776559297,
    2.73426865242623
  ]
}