{
  "train_loss": [
    5.577488685492894,
    4.02485729126475,
    3.5995520979914835,
    3.3527266876182367,
    3.184957152994434,
    3.062335129838493,
    2.9664298354680816,
    2.889018802307359
  ],
  "val_loss": [
    4.154427803314484,
    3.56614215524347,
    3.276635625340917,
    3.0944777813043682,
    2.9705449181634025,
    2.877765153979396,
    2.805648420308087,
    2.744841208329072
  ],
  "train_accuracy": [
    0.1945765922232826,
    0.3594792819824399,
    0.39313198474478156,
    0.4140333414359483,
    0.4294730873746066,
    0.4413412792403682,
    0.45036938682114375,
    0.45821534432232885
  ],
  "val_accuracy": [
    0.3622265490847738,
    0.4101112233537954,
    0.4346017569811904,
    0.45334334457562625,
    0.46477662861016467,
    0.4740923204614814,
    0.4817506476584434,
    0.4879611235134743
  ],
  "train_perplexity": [
    264.40676278154916,
    55.972320472593296,
    36.581845691514,
    28.580557747472245,
    24.166252932087886,
    21.377417970211717,
    19.422454311062786,
    17.975663266373726
  ],
  "val_perplexity": [
    63.715496319498236,
    35.37983960555214,
    26.48651208093435,
    22.075707179853783,
    19.502543991508713,
    17.77450547598566,
    16.53779587285993,
    15.562142597349816
  ],
  "bleu": [
    13.453276927719745,
    14.828296557124096,
    15.989229717114556,
    16.48540188577966
  ],
  "rouge1": [
    35.47860768113068,
    37.493409374193305,
    37.64373427207274,
    37.56277196460246
  ],
  "rouge2": [
    16.382304472950356,
    18.317976535136108,
    18.697784893884897,
    19.10722391606973
  ],
  "rougeL": [
    24.265483064605633,
    25.565856669676002,
    26.739661188235964,
    27.17883280168466
  ],
  "bert_score_f1": [
    81.92241787910461,
    83.09860825538635,
    83.86397957801819,
    83.74335169792175
  ]
}